EmpID,FirstName,LastName,Email,Phone,Address,Department,Salary,PAN,Aadhaar,DOB,Manager,JoiningDate
1000,Nehmat,Anne,nehmat.anne@example.com,9.19552E+11,"72/980, Bhagat Ganj, Firozabad-040429",HR,1827666,JJRVH6701Q,5.15202E+11,11/16/1972,Priya Naik,4/27/2021
1001,Advika,Varkey,advika.varkey@example.com,9306147441,"27/943, Goswami Chowk, Hajipur-980715",Engineering,1848384,ZTXKY0927Q,6.82323E+11,1/13/1998,Rohan Kulkarni,1/26/2021
1002,Lakshit,Balasubramanian,lakshit.balasubramanian@example.com,3190252160,"64/91, Gupta Marg, Haridwar-462161",Sales,805832,MYOMO2462R,3.28144E+11,11/2/1989,Priya Naik,12/31/2023
1003,Tanya,Grewal,tanya.grewal@example.com,1865868393,"560, Loyal Path, Gopalpur 625335",HR,2099975,DGXSU6370T,92940086091,7/22/1995,Rohan Kulkarni,7/4/2020
1004,Priyansh,Datta,priyansh.datta@example.com,6858401673,"H.No. 620, Mani Zila, Berhampur 864822",HR,1207234,CPZHU4006U,5.60974E+11,9/30/1969,Sneha Joshi,4/4/2018
1005,Anay,Edwin,anay.edwin@example.com,1097242775,"59/459, Mangal Zila, Varanasi 442082",Engineering,952868,IYYWV8064U,7.34405E+11,5/21/1978,Sneha Joshi,6/20/2018
1006,Krish,Grover,krish.grover@example.com,9.12626E+11,"91/734, Sama Circle, Vijayanagaram 880370",Sales,777450,FJCQK4016F,1.54782E+11,12/21/1994,Vikas Patil,11/6/2024
1007,Jayan,Keer,jayan.keer@example.com,9.14889E+11,"H.No. 24, Gade Chowk, Allahabad 952867",HR,892444,TZYNO1576I,5.13201E+11,3/5/1972,Sneha Joshi,8/15/2019
1008,Mohanlal,Bhalla,mohanlal.bhalla@example.com,5276536808,"57/08, Ahluwalia, Ambarnath 707364",Sales,1409654,BMQBQ8984S,4.60051E+11,8/1/1975,Priya Naik,11/12/2025
1009,Ishaan,Wable,ishaan.wable@example.com,7476766415,"48/81, Ray Marg, Jamshedpur 963144",Marketing,714968,PQZVK6164F,6.93651E+11,12/1/1998,Priya Naik,2/4/2020
1010,Ivana,Handa,ivana.handa@example.com,1373847864,"H.No. 722, Aggarwal Chowk, Chapra-628137",Operations,2299573,EHPIC9062M,8.81804E+11,4/16/1967,Sneha Joshi,12/11/2016
1011,Indranil,Deshmukh,indranil.deshmukh@example.com,9.14317E+11,"637, Barad, Mango 305906",Finance,1243675,JABRD2763X,9.31761E+11,2/20/1991,Priya Naik,5/4/2019
1012,Aaryahi,Thaman,aaryahi.thaman@example.com,8199025582,"H.No. 78, Ramaswamy Marg, Khora -830506",HR,2271346,CRZDH2299E,9.75027E+11,1/9/1978,Priya Naik,5/7/2017
1013,Neysa,Sunder,neysa.sunder@example.com,6422006650,"H.No. 909, Suri Nagar, Madhyamgram-360860",IT Support,2015227,RUINA3546V,2.2747E+11,3/11/1998,Amit Sharma,10/12/2017
1014,Shaan,Rao,shaan.rao@example.com,9.19869E+11,"949, Mangal Zila, Nagaon-051147",Finance,2259966,VXKDN6490W,2.60314E+11,3/12/2000,Sneha Joshi,1/29/2019
1015,Shray,Raja,shray.raja@example.com,7914700098,"H.No. 18, Ravel Path, Mehsana 589325",Finance,781248,AAIBT8855C,4.68839E+11,8/7/1970,Priya Naik,2/1/2016
1016,Azad,Ranganathan,azad.ranganathan@example.com,9.15523E+11,"73/45, Sarma Circle, Patiala 773692",Marketing,627363,HNXXQ7607Q,79921621507,8/11/1993,Sneha Joshi,7/29/2016
1017,Dishani,Shetty,dishani.shetty@example.com,9.11011E+11,"52/21, Jaggi Zila, Bathinda 814173",HR,2039105,ZLGPC5608U,6.20991E+11,9/8/1998,Priya Naik,1/12/2023
1018,Riya,Manda,riya.manda@example.com,9.12256E+11,"H.No. 062, Mandal Ganj, Sonipat-347506",Marketing,1877837,PTCFO8709H,5.53724E+11,11/16/1976,Priya Naik,11/1/2022
1019,Ira,Batra,ira.batra@example.com,7793825759,"H.No. 21, Manda Ganj, Jalgaon-360345",Marketing,1315024,OUNKD9922S,9.71406E+11,12/23/1993,Rohan Kulkarni,10/27/2022
1020,Vaibhav,Bhakta,vaibhav.bhakta@example.com,9.14193E+11,"288, Mahajan Marg, Mira-Bhayandar-417510",Operations,1850039,UYXWX4408A,7.383E+11,11/10/1978,Sneha Joshi,12/22/2022
1021,Sara,Mani,sara.mani@example.com,1328730656,"H.No. 669, Garde Marg, Rajkot-682546",Engineering,1929000,OJWHJ8879Z,8.61367E+11,3/5/2002,Priya Naik,10/21/2024
1022,Darshit,Jaggi,darshit.jaggi@example.com,1951361953,"52, Kapur Street, Gwalior 198434",Operations,2439315,WTEIH0901L,8.76648E+11,10/31/1985,Rohan Kulkarni,3/31/2021
1023,Stuvan,Borra,stuvan.borra@example.com,1979647558,"10, Sant Street, Hazaribagh 333130",Engineering,715089,QMEZN5371Z,7.4954E+11,6/3/1982,Amit Sharma,12/23/2021
1024,Ivan,Balakrishnan,ivan.balakrishnan@example.com,9537361994,"475, Arora Zila, Vadodara-242531",Marketing,2088229,NNPIS6401B,8.07978E+11,3/17/1995,Priya Naik,12/20/2019
1025,Rohan,Gopal,rohan.gopal@example.com,7017997723,"H.No. 870, Bala Zila, Mira-Bhayandar-445454",Marketing,1122178,IGYKD1220A,8.13607E+11,8/14/1982,Vikas Patil,12/6/2023
1026,Kartik,Banik,kartik.banik@example.com,9.10866E+11,"H.No. 790, Luthra Nagar, Sonipat-166280",Sales,857361,PMQWK1854Q,9.97627E+11,8/24/1974,Priya Naik,4/9/2023
1027,Ryan,Bajwa,ryan.bajwa@example.com,6865388613,"008, Kibe Path, Ratlam 585113",Engineering,981075,SOWJT4682C,54120359726,2/18/1978,Vikas Patil,6/15/2016
1028,Prerak,Goda,prerak.goda@example.com,2498973239,"H.No. 65, Dora Zila, Dhule 314995",Operations,2378463,CAOKG8434P,2.9877E+11,11/11/1970,Rohan Kulkarni,1/30/2017
1029,Vaibhav,Rana,vaibhav.rana@example.com,9.13676E+11,"H.No. 08, Soman Circle, Bellary-230310",HR,2445000,JRNHF8890Y,3.99893E+11,8/10/1998,Rohan Kulkarni,12/8/2019
1030,Kanav,Hayer,kanav.hayer@example.com,6907483209,"20, Hegde Road, Raurkela Industrial Township 819243",Sales,918347,XYNZJ5423B,91505617007,11/19/1992,Sneha Joshi,2/15/2023
1031,Vritika,Sethi,vritika.sethi@example.com,9679496679,"59/000, Rama Chowk, Satna 057206",Operations,2365582,LNHLW4685F,6.40424E+11,6/9/1973,Vikas Patil,3/2/2016
1032,Sumer,Kaur,sumer.kaur@example.com,9.18875E+11,"95, Garde Road, Pallavaram 775999",Finance,1001276,LSRNB3838E,9622770742,12/28/1975,Priya Naik,12/5/2019
1033,Vaibhav,Solanki,vaibhav.solanki@example.com,9.16199E+11,"13/53, Rama Ganj, Uluberia-670895",Engineering,1859212,UBRST4393L,5.84315E+11,11/10/1994,Amit Sharma,4/4/2017
1034,Siya,Borah,siya.borah@example.com,3160377268,"179, Goda Nagar, Ghaziabad-596951",Sales,1238887,IYIAU5683U,7.3348E+11,7/20/1995,Vikas Patil,10/26/2017
1035,Tiya,Gade,tiya.gade@example.com,9.13024E+11,"560, Mallick Marg, Bhimavaram-767880",Operations,1999146,UALPO1702C,1.91548E+11,3/11/1987,Sneha Joshi,4/26/2021
1036,Samiha,Goel,samiha.goel@example.com,9.11375E+11,"H.No. 113, Karan Marg, Ajmer 594152",Operations,1767774,TGZWQ2600J,7.69303E+11,2/20/1974,Amit Sharma,7/9/2021
1037,Gokul,Choudhury,gokul.choudhury@example.com,5648429486,"21, Bhatia Path, Jalna-594120",Sales,2466032,BXEPF7329Y,7.40496E+11,1/25/1991,Priya Naik,8/2/2020
1038,Trisha,Kala,trisha.kala@example.com,9.19796E+11,"H.No. 03, Koshy Circle, Tiruppur-784056",Marketing,1336602,BOUZF7646Z,1.62125E+11,7/7/1976,Vikas Patil,12/3/2023
1039,Aarna,Bedi,aarna.bedi@example.com,7070107508,"H.No. 83, Cheema Ganj, Vijayanagaram 190389",Sales,1291281,YLESR4517D,5.96611E+11,5/1/1993,Amit Sharma,11/10/2024
1040,Vaibhav,Som,vaibhav.som@example.com,9.15283E+11,"20/802, Kala Path, Gwalior-397900",Operations,1392131,HZXYL4864Y,88937249577,5/18/1970,Vikas Patil,3/6/2025
1041,Vidur,Savant,vidur.savant@example.com,5052907861,"69, Kulkarni Marg, Khora  089619",Finance,1983507,PRJFC3433D,5.69271E+11,8/10/1972,Rohan Kulkarni,7/9/2025
1042,Charvi,Butala,charvi.butala@example.com,9.13751E+11,"79/658, Kamdar Road, Saharanpur 980364",Marketing,2286534,PCRMI6011X,9.54158E+11,2/20/2001,Priya Naik,7/11/2016
1043,Ela,Johal,ela.johal@example.com,9668971215,"H.No. 970, Sani Marg, Shivpuri 984369",Sales,1430491,BKCGP0169K,5.15802E+11,11/23/1984,Amit Sharma,12/2/2016
1044,Armaan,Bajwa,armaan.bajwa@example.com,9.17034E+11,"061, Iyengar Path, Fatehpur-254836",HR,2017493,TJMFT7245L,2.56623E+11,8/9/1980,Vikas Patil,8/8/2020
1045,Yuvaan,Ahluwalia,yuvaan.ahluwalia@example.com,7753088352,"026, Batra Chowk, Raurkela Industrial Township-311450",Operations,1633626,OCAFA1684U,91266020140,12/15/1980,Sneha Joshi,3/16/2022
1046,Kismat,Som,kismat.som@example.com,8334623308,"402, Boase Ganj, Tiruppur-300725",IT Support,1353713,MAJMF4084Q,1.27725E+11,6/27/1980,Vikas Patil,6/24/2016
1047,Prisha,Salvi,prisha.salvi@example.com,8535860947,"08, Chand Path, Bhusawal 589610",Operations,2127655,BKCUP9566M,8.50926E+11,8/23/1984,Sneha Joshi,10/24/2018
1048,Prisha,Suri,prisha.suri@example.com,1823474594,"52, Sastry Road, Narasaraopet 389063",Operations,2461740,QMHBX3008P,9.05966E+11,4/21/1995,Vikas Patil,12/20/2016
1049,Shanaya,Varma,shanaya.varma@example.com,2705899515,"434, Yohannan Chowk, Aizawl-427753",Sales,1287175,GOJDA5100P,5.72878E+11,5/10/2003,Sneha Joshi,4/15/2020
1050,Tarini,Bhagat,tarini.bhagat@example.com,5859815070,"41/39, Khare Circle, Bardhaman 059100",Finance,2170225,OOQUD1233S,4.22966E+11,9/3/1987,Priya Naik,12/18/2015
1051,Azad,Sem,azad.sem@example.com,9.19043E+11,"H.No. 610, Contractor Zila, Satara-370228",Engineering,1646680,KEHJM5029F,8.96161E+11,3/15/1996,Sneha Joshi,9/4/2025
1052,Anika,Iyengar,anika.iyengar@example.com,9.18966E+11,"98/87, Khanna Path, Kozhikode-591429",Finance,2425210,PMNIJ0937U,8.53121E+11,7/28/1976,Sneha Joshi,11/10/2019
1053,Parinaaz,Date,parinaaz.date@example.com,2080765920,"02/41, Aurora Path, Amroha 930917",Engineering,1148669,UQURF8204S,96711372790,3/30/1980,Vikas Patil,7/16/2021
1054,Divit,Dora,divit.dora@example.com,7269592707,"60/36, Joshi Street, Mumbai 874912",Finance,1019513,BBDIP2720H,6.01921E+11,1/14/1976,Rohan Kulkarni,9/2/2019
1055,Zoya,Sunder,zoya.sunder@example.com,5677271124,"85, Arora Ganj, Pudukkottai 698588",Sales,1067843,FECCP0506I,8.60671E+11,12/8/1968,Rohan Kulkarni,4/15/2018
1056,Tarini,Mall,tarini.mall@example.com,2327511979,"61/454, Dhar Marg, Tadepalligudem 297425",Marketing,2325744,RPVYR9239N,7.87372E+11,10/7/2002,Priya Naik,8/13/2017
1057,Dhanush,Devi,dhanush.devi@example.com,335163196,"99/36, Gaba Zila, Guntakal-052999",Engineering,1074060,WXDST7033Y,7.03757E+11,6/18/1973,Amit Sharma,1/12/2018
1058,Indranil,Dash,indranil.dash@example.com,6402611850,"191, Madan Chowk, Serampore 163792",Sales,1981303,AAARX9080H,3.07875E+11,11/8/1987,Rohan Kulkarni,1/2/2019
1059,Gatik,Kapur,gatik.kapur@example.com,9.1066E+11,"36, Arya Path, Jalandhar-685846",Sales,1952489,FOJKK5423M,1.47968E+11,10/7/1979,Vikas Patil,3/3/2016
1060,Raghav,Verma,raghav.verma@example.com,9.17224E+11,"92/469, Bal Street, Bardhaman-333947",HR,955626,RNISN6429W,4.23064E+11,7/22/1996,Rohan Kulkarni,2/5/2016
1061,Hrishita,Dutta,hrishita.dutta@example.com,9.17429E+11,"16, Kant Circle, Jalgaon-384065",Engineering,1735501,XDUOD0766Q,4.02579E+11,5/8/1985,Priya Naik,12/4/2023
1062,Hridaan,Kakar,hridaan.kakar@example.com,6212552099,"H.No. 675, Krishnamurthy Marg, Bhusawal 999593",Operations,2162222,OMLJI5707V,6.21112E+11,10/5/1989,Vikas Patil,5/30/2016
1063,Alia,Balay,alia.balay@example.com,3918176418,"87, Chandra Circle, Nagpur 302399",Marketing,2130717,LKXXV2088N,8.96822E+11,7/5/1978,Amit Sharma,12/28/2023
1064,Eshani,Sodhi,eshani.sodhi@example.com,9.18656E+11,"62/946, Das Marg, Allahabad-141708",Operations,749311,HCQZU6526C,4.61447E+11,8/17/1996,Sneha Joshi,2/10/2025
1065,Tiya,Johal,tiya.johal@example.com,383254879,"10/48, Golla Nagar, Kolkata 256859",HR,1878360,QFJOQ4231N,3.56053E+11,10/21/1980,Vikas Patil,7/20/2024
1066,Sara,Mani,sara.mani@example.com,5612324244,"H.No. 021, Zacharia Path, Shahjahanpur 498513",IT Support,2292554,QWKYB2103W,2.49164E+11,7/28/1978,Vikas Patil,8/13/2020
1067,Ira,Bava,ira.bava@example.com,9.19981E+11,"H.No. 093, Banik Circle, Bareilly-635900",Marketing,1998807,WCXPC4884H,8.6205E+11,2/22/1992,Rohan Kulkarni,4/17/2023
1068,Nitara,Chahal,nitara.chahal@example.com,9.12992E+11,"H.No. 321, Mani Ganj, Hosur 053736",IT Support,2376744,XFANT9063J,1.0954E+11,10/26/1969,Sneha Joshi,8/24/2018
1069,Manikya,Tripathi,manikya.tripathi@example.com,9.16365E+11,"53/821, Mannan Marg, Kanpur 828593",Finance,1045862,DPGZE6196A,5.85063E+11,4/25/1991,Priya Naik,4/30/2020
1070,Ela,Khalsa,ela.khalsa@example.com,9341521615,"89/41, Chakraborty Road, Udupi 346998",Finance,2465512,RGGGB0383U,3.28105E+11,8/6/1996,Vikas Patil,11/5/2021
1071,Romil,Kaur,romil.kaur@example.com,9.10249E+11,"14/927, Bali Path, Sambalpur 596091",Engineering,1640473,HRPOW7664G,4.66303E+11,9/4/1996,Priya Naik,9/26/2019
1072,Indranil,Konda,indranil.konda@example.com,9.11766E+11,"36/282, Dhawan Nagar, Bulandshahr 491049",Marketing,1893679,NDLPK0011K,3.96421E+11,8/8/1967,Priya Naik,5/4/2021
1073,Devansh,Desai,devansh.desai@example.com,8426419249,"H.No. 144, Manda Ganj, Darbhanga 765690",IT Support,632449,QEIVD2857G,8.89277E+11,9/27/1990,Rohan Kulkarni,2/15/2019
1074,Neelofar,Dhar,neelofar.dhar@example.com,8596840954,"19/54, Lal Street, Sambhal-583943",Sales,1489867,REGXE9510R,1.05058E+11,7/17/1972,Vikas Patil,10/5/2025
1075,Alisha,Contractor,alisha.contractor@example.com,9.14449E+11,"63/10, Sangha, Ozhukarai-985164",Finance,2432305,PYIJR4308C,4.89256E+11,7/21/1996,Sneha Joshi,6/9/2022
1076,Samaira,Dubey,samaira.dubey@example.com,6966555054,"H.No. 571, Swaminathan Ganj, Tumkur-668828",Engineering,782018,DLFWA5941X,3.57075E+11,8/2/1985,Amit Sharma,12/5/2023
1077,Lakshit,Dugar,lakshit.dugar@example.com,9533384426,"045, Yadav Marg, Dharmavaram 504081",Operations,1037451,KBBBY9860G,9.81693E+11,8/1/2002,Priya Naik,4/30/2017
1078,Fateh,Apte,fateh.apte@example.com,9662092839,"68/17, Tak Path, Jorhat-138268",Operations,1605359,EMIWL1810N,4.5589E+11,10/28/1990,Sneha Joshi,11/4/2017
1079,Abram,D’Alia,abram.d’alia@example.com,9.15666E+11,"H.No. 624, Sarin, Patiala-700701",Finance,2033255,DVEXZ8189Y,8.41267E+11,8/14/1981,Priya Naik,9/23/2016
1080,Nakul,Barad,nakul.barad@example.com,3602291298,"H.No. 01, Goel Nagar, Srikakulam-479050",Operations,2371665,NWSXV2755N,6.73155E+11,5/22/1969,Amit Sharma,4/9/2024
1081,Drishya,Gala,drishya.gala@example.com,6298149122,"740, Lata Road, Bijapur 065713",Operations,1018941,RIFIB4568Z,7.04173E+11,4/7/2000,Amit Sharma,11/14/2025
1082,Oorja,Sarin,oorja.sarin@example.com,9.18464E+11,"09/00, Baria Chowk, Akola-405095",Finance,649869,LSAEZ5880S,6.68772E+11,12/3/1978,Sneha Joshi,11/25/2023
1083,Damini,Zachariah,damini.zachariah@example.com,1106756163,"H.No. 60, Dhingra Marg, Hazaribagh 086953",Marketing,1379313,MMXWQ5124E,3.40653E+11,12/8/1991,Priya Naik,3/27/2024
1084,Shanaya,Mann,shanaya.mann@example.com,6816933584,"H.No. 71, Gaba Circle, Maheshtala-978988",HR,611931,TFPZZ5763K,6.15458E+11,6/16/1973,Sneha Joshi,10/28/2019
1085,Shray,Saha,shray.saha@example.com,3552174616,"H.No. 21, Datta Marg, Ranchi-678905",Engineering,2364105,KFPOM0317R,9.6882E+11,7/15/1999,Vikas Patil,8/13/2020
1086,Tiya,Deshpande,tiya.deshpande@example.com,9.16091E+11,"96, Grover Ganj, Ozhukarai-473430",IT Support,1901919,XSXPR0444Y,1.58288E+11,6/9/1976,Priya Naik,2/19/2022
1087,Hridaan,Gole,hridaan.gole@example.com,7942388498,"355, Golla Chowk, Dindigul 792155",Engineering,1184863,NDQDF4184J,91299718180,2/27/1985,Priya Naik,3/10/2023
1088,Madhav,Basak,madhav.basak@example.com,1349543037,"001, Sidhu Nagar, Kalyan-Dombivli 878167",Marketing,769407,XJXQP7061B,4.20219E+11,8/21/1981,Amit Sharma,1/18/2021
1089,Krish,Samra,krish.samra@example.com,3040435708,"H.No. 590, Karan Road, Jalna-655992",Sales,1875492,GSOPT3146T,8.48173E+11,2/2/1990,Vikas Patil,6/10/2019
1090,Arhaan,Suri,arhaan.suri@example.com,9.18103E+11,"16/341, Aggarwal Zila, Rajkot-171164",Finance,870754,YBLIG2250G,3.17537E+11,11/25/1980,Vikas Patil,1/23/2025
1091,Arnav,Banerjee,arnav.banerjee@example.com,9.19078E+11,"H.No. 14, Cherian Street, Medininagar 663863",Sales,2213917,EACRI0848C,5.8235E+11,3/26/1992,Amit Sharma,8/10/2019
1092,Kartik,Bhatt,kartik.bhatt@example.com,9.14477E+11,"63, Chokshi Ganj, Ahmedabad 688716",Finance,2153919,ZVCUV9587H,4.49557E+11,8/31/1971,Priya Naik,9/8/2020
1093,Aaryahi,Randhawa,aaryahi.randhawa@example.com,4848281030,"30/386, Chaudry Street, Agartala 016986",Marketing,767857,OTGWJ7361A,9.57678E+11,5/4/1975,Vikas Patil,10/27/2018
1094,Miraya,Sabharwal,miraya.sabharwal@example.com,9.13333E+11,"74/976, Bhalla Street, Bangalore-225687",Marketing,2447611,XZSOF0101B,4.54637E+11,1/24/1986,Priya Naik,12/22/2018
1095,Aayush,Mall,aayush.mall@example.com,7664707533,"175, Ram Road, Navi Mumbai 898122",IT Support,1433381,DTHMW0797M,2.32384E+11,3/17/1982,Sneha Joshi,2/9/2024
1096,Eva,Lata,eva.lata@example.com,5292688337,"18, Wable Nagar, Morena 769973",HR,1494127,TBFKS5369O,3.07644E+11,8/21/1971,Rohan Kulkarni,11/28/2016
1097,Eva,Vyas,eva.vyas@example.com,7382811044,"H.No. 338, Tata Street, Tinsukia 343381",IT Support,2341393,JOBGQ7224G,7.62319E+11,5/24/1991,Amit Sharma,2/21/2019
1098,Tarini,Raval,tarini.raval@example.com,9563288622,"86/325, Gill Zila, Korba 271393",Sales,1607353,BKMOJ8440Z,5.70635E+11,4/1/1968,Amit Sharma,10/15/2016
1099,Manikya,Sampath,manikya.sampath@example.com,2503706488,"665, Chander Zila, Arrah-364694",Engineering,1626886,SXZFZ4912I,5.24969E+11,4/26/2002,Amit Sharma,4/3/2020
